name,ingredients,diet,prep_time,cook_time,flavor_profile,course,state,region,img_url
Adhirasam,"Rice flour, jaggery, ghee, vegetable oil, elachi",vegetarian,10,50,sweet,dessert,West Bengal,East,https://www.crazymasalafood.com/wp-content/images/adhirasam.jpg
Aloo gobi,"Cauliflower, potato, garam masala, turmeric, curry leaves",vegetarian,10,20,spicy,main course,Punjab,North,https://www.vegrecipesofindia.com/wp-content/uploads/2013/11/gobi-masala-recipe-500x500.jpg
Aloo matar,"Potato, peas, chillies, ginger, garam masala, garlic",vegetarian,5,40,spicy,main course,Punjab,North,https://www.vegrecipesofindia.com/wp-content/uploads/2013/12/aloo-matar-gravy-recipe-500x500.jpg
Aloo methi,"Potato, fenugreek leaves, chillies, salt, oil",vegetarian,10,40,bitter,main course,Punjab,North,https://www.vegrecipesofindia.com/wp-content/uploads/2021/01/aloo-methi-1-1152x1536.jpg
Aloo shimla mirch,"Potato, shimla mirch, garam masala, amchur powder, salt",vegetarian,10,40,spicy,main course,Punjab,North,https://www.vegrecipesofindia.com/wp-content/uploads/2014/06/bharwan-shimla-mirch-recipe-500x500.jpg
Aloo tikki,"Rice flour, potato, bread crumbs, garam masala, salt",vegetarian,5,20,spicy,main course,Punjab,North,https://www.vegrecipesofindia.com/wp-content/uploads/2012/12/aloo-tikki-chole-500x500.jpg
Alu Pitika,"Potatoes, mustard oil, fish, green chillies",non vegetarian,5,20,spicy,main course,Assam,North East,https://www.pepperonpizza.com/wp-content/uploads/2019/04/Assamese-Aloo-Pitika-1024x768.jpg?ezimgfmt=ng:webp/ngcb10
Amti,"Kala masala, arhar dal, curry leaves, mustard seeds, hot water",vegetarian,10,45,spicy,main course,Maharashtra,West,https://www.vegrecipesofindia.com/wp-content/uploads/2014/02/amti-recipe.jpg
Anarsa,"Rice flour, jaggery, khus-khus seeds",vegetarian,10,50,sweet,dessert,Maharashtra,West,https://www.crazymasalafood.com/wp-content/images/anarsa.jpg
Ariselu,"Rice flour, jaggery, ghee",vegetarian,15,75,sweet,dessert,Andhra Pradesh,South,https://www.crazymasalafood.com/wp-content/images/ariselu-1.jpg
Attu,"Whole wheat flour, arhar dal, ginger, kala jeera, green chilli",vegetarian,150,25,spicy,snack,Andhra Pradesh,South,https://www.archanaskitchen.com/images/archanaskitchen/1-Author/sibyl_sunitha/Andhra_Style_Andhra_Kandi_Attu_Recipe_Toor_Dal_Dosa_Recipe_.jpg
Avial,"Raw banana, elephant foot yam, long beans, tindora, urad dal",vegetarian,30,45,spicy,main course,Kerala,South,https://www.vegrecipesofindia.com/wp-content/uploads/2011/11/avial-recipe-1.jpg
Baingan Fry,"Beef, coconut, garam masala, curry leaves, green chilies, chili powder",vegetarian,10,60,spicy,main course,Punjab,North,https://www.vegrecipesofindia.com/wp-content/uploads/2021/06/baingan-bharta-1-500x500.jpg
Bajri no rotlo,"Wheat flour, pearl millet flour, hot water",vegetarian,10,10,spicy,main course,Gujarat,West,https://www.vegrecipesofindia.com/wp-content/uploads/2013/03/bajra-roti.jpg
Balu shahi,"Maida flour, yogurt, oil, sugar",vegetarian,45,25,sweet,dessert,West Bengal,East,https://www.crazymasalafood.com/wp-content/images/balushahi-1.jpg
Bandar laddu,"Besan, jaggery, cardamom powder, ghee, cashews and raisins, jaggery syrup, sugar",vegetarian,5,35,sweet,dessert,Andhra Pradesh,South,https://www.crazymasalafood.com/wp-content/images/gulab_Jamun.jpg
Basundi,"Sugar, milk, nuts",vegetarian,10,35,sweet,dessert,Gujarat,West,https://www.crazymasalafood.com/wp-content/images/basundi-1.jpg
Bebinca,"Coconut milk, egg yolks, clarified butter, all purpose flour",vegetarian,20,60,sweet,dessert,Goa,West,https://www.crazymasalafood.com/wp-content/images/jalebi-2.jpg
Bengena Pitika,"Brinjal, onions, salt, sesame seeds, coriander",vegetarian,-1,-1,-1,main course,Assam,North East,https://2.bp.blogspot.com/-vTi5UtZm_yk/WHoylvxfJ7I/AAAAAAAAAEI/Jc9ZdSilHhIGhbVgu0g8GGpw2brae0c3QCPcB/s640/assam%2Bfoods101.jpg
Bhakri,"Jowar flour, sesame seeds",vegetarian,20,25,-1,main course,Maharashtra,West,https://upload.wikimedia.org/wikipedia/commons/thumb/7/70/Bhakri_1.jpg/375px-Bhakri_1.jpg
Bhatura,"Chole, rava, yogurt, plain flour, baking soda",vegetarian,20,20,spicy,main course,Punjab,North,https://www.vegrecipesofindia.com/wp-content/uploads/2010/06/bhatura-recipe-500x500.jpg
Bhindi masala,"Ladies finger, garam masala, kasuri methi, tomatoes, chili powder",vegetarian,20,30,spicy,main course,Punjab,North,https://www.vegrecipesofindia.com/wp-content/uploads/2021/06/bhindi-masala-1-500x500.jpg
Bilahi Maas,"Potatoes, garam masala, tomatoes, mustard oil, bay leaf",non vegetarian,10,20,-1,main course,Assam,North East,https://usercontent.one/wp/www.sunitabhuyan.net/wp-content/uploads/2021/11/IMG_20211108_0849111-1440x720.jpg
Biryani,"Chicken thighs, basmati rice, star anise, sweet, green chillies",non vegetarian,30,120,spicy,main course,Telangana,South,https://upload.wikimedia.org/wikipedia/commons/thumb/5/5a/%22Hyderabadi_Dum_Biryani%22.jpg/330px-%22Hyderabadi_Dum_Biryani%22.jpg
Bisi bele bath,"Split pigeon peas, chana dal, urad dal, green peas, french beans",vegetarian,30,45,spicy,main course,Karnataka,South,https://hebbarskitchen.com/wp-content/uploads/2021/11/bisi-bele-bath-recipe-%EF%80%A7-bisibelabath-recipe-%EF%80%A7-bisibele-bhath-or-bisibele-rice-1-1024x683.jpeg
Black rice,"Forbidden black rice, chicken, olive oil, slivered almonds, garlic powder",non vegetarian,-1,-1,-1,main course,Manipur,North East,https://upload.wikimedia.org/wikipedia/commons/thumb/e/e9/Black_Rice.jpg/330px-Black_Rice.jpg
Bombil fry,"Bombay duck, malvani masala, rice flour, bombay rava, green chilies",non vegetarian,-1,-1,spicy,main course,Maharashtra,West,https://cdn.tasteatlas.com/images/dishes/dd7555964d3a4fa5a19fb3feaa5cd788.jpg?mw=1300
Boondi,"Gram flour, ghee, sugar",vegetarian,80,30,sweet,dessert,Rajasthan,West,https://www.crazymasalafood.com/wp-content/images/boondi.jpg
Bora Sawul,"Biryani masala, mixed vegetables, yellow moong daal, whole red, mustard seeds",vegetarian,-1,-1,spicy,main course,Assam,North East,https://2.bp.blogspot.com/-4UQizgztb_g/XDqZUHNucjI/AAAAAAABLy0/YKNeCpuisEABqoE22dEJhPOEtbxYADxvQCLcBGAs/s640/IMG_6540.jpg
Brown Rice,"Brown rice, soy sauce, olive oil",vegetarian,15,25,-1,main course,-1,-1,https://upload.wikimedia.org/wikipedia/commons/thumb/4/45/Brown_rice_%28whole_grain_rice%29_photographed_in_West_Bengal%2C_India.jpg/330px-Brown_rice_%28whole_grain_rice%29_photographed_in_West_Bengal%2C_India.jpg
Butter chicken,"Chicken, greek yogurt, cream, garam masala powder, cashew nuts, butter",non vegetarian,10,35,spicy,main course,NCT of Delhi,North,https://i.ndtvimg.com/i/2015-01/chicken-butter-625_625x350_51420696582.jpg
Chak Hao Kheer,"Rice, milk, sugar, cardamom",vegetarian,240,45,sweet,dessert,Manipur,North East,https://thericechick.com/wp-content/uploads/2022/06/feature-2a-chak-hao-kheer.jpg
Chakali,"Rice flour, sesame, plain flour, turmeric, red chilli",vegetarian,10,40,spicy,snack,Maharashtra,West,https://www.archanaskitchen.com/images/archanaskitchen/0-Archanas-Kitchen-Recipes/2020/Easy_Malai_Butter_Murruku_Recipe__12_1600.jpg
Cham cham,"Flour, cream, sugar, saffron, lemon juice, coconut flakes",vegetarian,40,60,sweet,dessert,West Bengal,East,https://www.crazymasalafood.com/wp-content/images/chamcaham.jpg
Chana masala,"Chickpeas, tomato paste, garam masala, ginger, red onion, avocado oil",vegetarian,20,30,spicy,main course,Punjab,North,https://www.vegrecipesofindia.com/wp-content/uploads/2021/04/kala-chana-recipe-1-500x500.jpg
Chapati,"Whole wheat flour, olive oil, hot water, all purpose flour",vegetarian,10,10,-1,main course,Maharashtra,West,https://www.vegrecipesofindia.com/wp-content/uploads/2014/07/khoya-matar-makhana-recipe-500x500.jpg
Cheera Doi,"Rice, mango, curd",vegetarian,-1,-1,sweet,dessert,West Bengal,East,https://www.crazymasalafood.com/wp-content/images/laddoo.jpg
Chevdo,"Citric acid, fry, raisins, sugar, chana daal",vegetarian,20,30,spicy,snack,Gujarat,West,https://www.archanaskitchen.com/images/archanaskitchen/1-Author/Deboshruti/Oats_chivada__oats_poha_mixture_recipe.jpg
Chhena jalebi,"Chhena, sugar, ghee",vegetarian,10,50,sweet,dessert,Odisha,East,https://encrypted-tbn0.gstatic.com/images?q=tbn:ANd9GcSoGxpY-PmBWxXSEBzXuA_cG7J2FKUiVms8sCy28q0fUe4QCpQTGW1Cnqh7q7oE_Z5DqJs&usqp=CAU
Chhena kheeri,"Chhena, sugar, milk",vegetarian,-1,60,sweet,dessert,Odisha,East,https://www.crazymasalafood.com/wp-content/images/chhena-gaja.jpg
Chhena poda,"Sugar, chenna cheese",vegetarian,10,45,sweet,dessert,Odisha,East,https://www.crazymasalafood.com/wp-content/images/chhena-poda.jpg
Chicken razala,"Chicken, dahi, sesame seeds, garam masala powder, cashew nuts, saffron",non vegetarian,10,35,spicy,main course,West Bengal,East,https://c.ndtvimg.com/2018-11/kecu2hpg_bhatti-da-murg_625x300_16_November_18.jpg
Chicken Tikka,"Chicken, whole wheat bread, rice flour, garam masala powder, whole egg",non vegetarian,120,45,spicy,starter,Punjab,North,https://www.simplyrecipes.com/thmb/fFSaBFd2jo0utv6lE-FHppcumAE=/750x0/filters:no_upscale():max_bytes(150000):strip_icc():format(webp)/__opt__aboutcom__coeus__resources__content_migration__simply_recipes__uploads__2017__02__2017-02-27-ChickenTikkaMasala-16-d8f19c6207b849be8a63695c04a88ec2.jpg
Chicken Tikka masala,"Naan bread, tomato sauce, skinless chicken breasts, heavy cream, garam masala",non vegetarian,10,50,spicy,main course,Punjab,North,https://i.ndtvimg.com/i/2017-03/fish-tikka_725x483_51488522042.jpg
Chicken Varuval,"Meat curry powder, chicken chunks, ginger, tomato, cinnamon",non vegetarian,10,35,spicy,main course,Tamil Nadu,South,https://tasteasianfood.com/wp-content/uploads/2018/05/chicken-varuval-1.jpg.webp
Chikki,"Peanuts, jaggery",vegetarian,10,20,sweet,dessert,Maharashtra,East,https://encrypted-tbn0.gstatic.com/images?q=tbn:ANd9GcQ2MAXRwdloYGpSPIy3Lg_0lE-dUhcKD22Uc-sAi7YJfWaq-j7ZJkLLccHJdtIPqEFcmJc&usqp=CAU
Chingri Bhape,"Coconut, prawns, curd, mustard seed, green chili",non vegetarian,15,30,-1,main course,West Bengal,East,https://c.ndtvimg.com/2019-04/lad4i5qo_chingri_625x300_04_April_19.jpg
Chingri malai curry,"Coconut milk, lobster, fresh green chilli, ginger, red onion",non vegetarian,10,40,spicy,main course,West Bengal,East,https://img-global.cpcdn.com/recipes/b99b54254b0304e1/1360x964cq70/shorshe-chingri-bhapa-recipe-main-photo.webp
Chole bhature,"Chole, bhatura, garam masala, bay leaf, cinnamon stick",vegetarian,20,30,spicy,main course,Punjab,North,https://www.vegrecipesofindia.com/wp-content/uploads/2021/07/chana-masala-1-500x500.jpg
Chorafali,"Urad dal, bengal gram flour, dried mango, baking soda, black salt",vegetarian,5,15,spicy,snack,Gujarat,West,https://c.ndtvimg.com/2021-11/pf6krbm_chorafali_625x300_28_November_21.jpg
Churma Ladoo,"Whole wheat flour, khus khus, sesame seeds, dry coconut, gur",vegetarian,12,40,sweet,dessert,Rajasthan,West,https://img-global.cpcdn.com/recipes/0fb165f208a6a369/1360x964cq70/churma-ladoo-recipe-atta-ladoo-recipe-main-photo.webp
Coconut vadi,"Condensed milk, mawa, desiccated coconut, almonds, cashews",vegetarian,20,30,sweet,dessert,Maharashtra,West,https://encrypted-tbn0.gstatic.com/images?q=tbn:ANd9GcRnKMsGx5DRkeOhz5U6ReOeiCSU-QWc-on-0OFEF3ymELGRe2hfrMdItXt1nTO-jhIThGg&usqp=CAU
Copra paak,"Condensed milk, nestle cream, coconut ice, red food coloring, desiccated coconut",vegetarian,20,30,-1,main course,Gujarat,West,https://www.spiceupthecurry.com/wp-content/uploads/2012/11/P1060703-Copy.jpg
Currivepillai sadam ,"Chana dal, urad dal, fresh coconut, sesame seeds, curry leaves",vegetarian,10,20,spicy,main course,Tamil Nadu,South,https://rakskitchen.net/wp-content/uploads/2014/09/15019052857_64249b76bd_z.jpg
Daal baati churma,"Moong dal, masoor dal, chana dal, wheat flour, almond",vegetarian,10,90,spicy,main course,Rajasthan,West,https://www.ammakithaali.com/wp-content/uploads/2022/07/dalbtichrma-1024x576.jpg
Daal Dhokli,"Whole wheat flour, dal, kokum, gur, bengal gram flour",vegetarian,20,30,spicy,main course,Gujarat,West,https://hebbarskitchen.com/wp-content/uploads/2019/02/dal-dhokli-recipe-how-to-make-traditional-gujarati-dal-dhokli-1-1068x1602.jpeg
Daal puri,"Moong dal, garam masala powder, garlic, green chilli, all purpose flour",vegetarian,30,30,spicy,main course,West Bengal,East,https://hebbarskitchen.com/wp-content/uploads/2020/11/moong-dal-puri-recipe-moong-dal-ki-puri-moong-dal-poori-2-1024x1536.jpeg
Dahi vada,"Urad dal, bhuna chana, garam masala, dates, tamarind",vegetarian,30,30,-1,snack,Maharashtra,West,https://www.archanaskitchen.com/images/archanaskitchen/Indian_Street_Food/Dahi_Vada_Recipe-1.jpg
Dal makhani ,"Red kidney beans, urad dal, cream, garam masala, chili powder",vegetarian,10,60,sweet,main course,Punjab,North,https://www.vegrecipesofindia.com/wp-content/uploads/2015/01/dal-makhani-recipe-restaurant-style-500x500.jpg
Dal tadka,"Pigeon peas, garam masala, ginger, red onion, kasuri methi",vegetarian,10,30,spicy,main course,Punjab,North,https://www.vegrecipesofindia.com/wp-content/uploads/2013/07/maa-chole-ki-dal-recipe-500x500.jpg
Dalithoy,"Arhar dal, coconut oil, curry leaves, mustard seeds, red chilli",vegetarian,5,20,-1,main course,Maharashtra,West,https://www.vidhyashomecooking.com/wp-content/uploads/2018/03/Daali.jpg
Dharwad pedha,"Milk, Sugar, Dharwadi buffalo milk",vegetarian,20,60,sweet,dessert,Karnataka,South,https://www.crazymasalafood.com/wp-content/images/dharwad-pedha.jpg
Dhokla,"Rava, coconut, gram flour, mustard, sesame",vegetarian,10,20,spicy,snack,Gujarat,West,https://www.archanaskitchen.com/images/archanaskitchen/0-Archanas-Kitchen-Recipes/2019/Instant_Sooji_Oats_Dhokla_Recipe_Video_For_Breakfast_Evening_Snack_15_1600.jpg
Dhondas,"Cucumber, rava",vegetarian,10,50,sweet,dessert,Maharashtra,West,https://www.crazymasalafood.com/wp-content/images/dhondas.jpg
Doodhpak,"Milk, rice, sugar, dry fruits",vegetarian,10,60,sweet,dessert,Gujarat,West,https://www.crazymasalafood.com/wp-content/images/doodhpak.jpg
Dosa,"Chana dal, urad dal, whole urad dal, blend rice, rock salt",vegetarian,360,90,spicy,snack,-1,South,https://www.archanaskitchen.com/images/archanaskitchen/1-Author/sibyl_sunitha/Andhra_Style_Andhra_Kandi_Attu_Recipe_Toor_Dal_Dosa_Recipe_.jpg
Double ka meetha,"Loaf bread, milk",vegetarian,20,30,sweet,dessert,Telangana,South,https://www.crazymasalafood.com/wp-content/images/double-ka-meetha-1.png
Dudhi halwa,"Bottle gourd, green, raisins, sugar, clarified butter",vegetarian,15,30,sweet,dessert,Gujarat,West,https://www.crazymasalafood.com/wp-content/images/Lauki-ka-Halwa.jpeg
Dum aloo,"Baby potatoes, garam masala, cashew nuts, kasuri methi, tomatoes",vegetarian,20,50,spicy,main course,Jammu & Kashmir,North,https://www.vegrecipesofindia.com/wp-content/uploads/2012/04/kashmiri-dum-aloo-recipe1.jpg
Fara,"Chana dal, whole wheat flour, arhar dal, white urad dal, garam masala powder",vegetarian,10,60,spicy,snack,Chhattisgarh,Central,https://www.archanaskitchen.com/images/archanaskitchen/1-Author/Priyanka_Tripathi/Fara.jpg
Farsi Puri,"Semolina, clarified butter, oil, white flour, black pepper",vegetarian,-1,-1,-1,snack,Gujarat,West,https://hebbarskitchen.com/wp-content/uploads/mainPhotos/farsi-puri-recipe-crispy-gujarati-farsi-poori-namkeen-farsi-poori-recipe-2-1068x1602.jpeg
Gajar ka halwa,"Carrots, milk, sugar, ghee, cashews, raisins",vegetarian,15,60,sweet,dessert,Punjab,North,https://www.crazymasalafood.com/wp-content/images/carrot-halwa-1.jpg
Galho,"Rice, axone, salt, water, chillies, pork",non vegetarian,5,15,spicy,main course,Nagaland,North East,https://upload.wikimedia.org/wikipedia/commons/thumb/6/68/Pumpkin_Galho.jpg/330px-Pumpkin_Galho.jpg
Gatta curry,"Yogurt, besan, sauce, garam masala powder, gram flour",vegetarian,10,20,spicy,main course,Rajasthan,West,https://www.vegrecipesofindia.com/wp-content/uploads/2018/05/gatte-ki-sabji.jpg
Gavvalu,"Rice flour, sugar, salt, ghee, semolina",vegetarian,10,30,sweet,dessert,Andhra Pradesh,South,https://crazymasalafood.com/wp-content/images/gavvalu-960x596.jpg.webp
Gheela Pitha,"Sticky rice, rice flour, jaggery, orange rind",vegetarian,10,30,sweet,dessert,Assam,North East,https://crazymasalafood.com/wp-content/images/2022/09/gaintha-pitha.jpg.webp
Ghevar,"Flour, ghee, kewra, milk, clarified butter, sugar, almonds, pistachio, saffron, green cardamom",vegetarian,15,30,sweet,dessert,Rajasthan,West,https://www.crazymasalafood.com/wp-content/images/ghevar-2.jpg
Ghooghra,"Dry fruits, semolina, all purpose flour",vegetarian,-1,-1,spicy,snack,Gujarat,West,https://www.archanaskitchen.com/images/archanaskitchen/1-Author/Farrukh_Aziz_Ansari/Ghoogri.jpg
Goja,"Baking soda, clarified butter, oil, all purpose flour",vegetarian,20,60,sweet,dessert,West Bengal,East,https://img-global.cpcdn.com/recipes/cd8eb5351eeabcb1/1360x964cq70/khasta-misti-goja-recipe-main-photo.webp
Gud papdi,"Wheat flour, jaggery, clarified butter, sliced almonds",vegetarian,10,20,sweet,dessert,Gujarat,West,https://www.crazymasalafood.com/wp-content/images/shankerpali.jpg
Gulab jamun,"Milk powder, plain flour, baking powder, ghee, milk, sugar, water, rose water",vegetarian,15,40,sweet,dessert,West Bengal,East,https://encrypted-tbn0.gstatic.com/images?q=tbn:ANd9GcS2vUnd--NgSJmc_qL1AbfbqxkzxefvLpX9n7b8_vV7AmrSihT5qo1Vkgyu85VwcDGWSBE&usqp=CAU
Halvasan,"Whole wheat rava, chia seed, lemon, edible gum, litre milk",vegetarian,-1,-1,sweet,dessert,Gujarat,West,https://rameshsweets.in/wp-content/uploads/2020/12/Halwasan-570x718.jpg
Hando Guri,"Jaggery, raisins",vegetarian,-1,-1,sweet,dessert,Assam,North East,https://www.archanaskitchen.com/images/archanaskitchen/1-Author/shaheen_ali/Sandah_Guri__Assamese_Roasted_Rice_Flour_Porridge_.jpg
Handwo,"Bottle gourd, chana dal, cabbage, urad dal, toor dal",vegetarian,20,30,spicy,snack,Gujarat,West,https://www.archanaskitchen.com/images/archanaskitchen/0-Archanas-Kitchen-Recipes/2018/Gujarati_Tawa_Handvo_Recipe_With_Sweet_Corn-4.jpg
Haq Maas,"Lamb, garam masala powder, curd, turmeric, bay leaf",non vegetarian,20,40,spicy,main course,Assam,North East,https://alchetron.com/cdn/laal-maans-a3c09daf-077e-4e60-ae1d-bdfef11e2ad-resize-750.jpeg
Idiappam,"Rice flour, hot water, grated coconut",vegetarian,120,30,spicy,snack,Tamil Nadu,South,https://www.archanaskitchen.com/images/archanaskitchen/1-Author/umar/Chettinad_Idiappam_Mee_Recipe__1600.jpg
Idli,"Split urad dal, urad dal, idli rice, thick poha, rock salt",vegetarian,360,90,spicy,snack,-1,South,https://www.archanaskitchen.com/images/archanaskitchen/0-Archanas-Kitchen-Recipes/2019/Classic_Homemade_Soft_Idli_Recipe_Video_3_1600.jpg
Imarti,"Sugar syrup, lentil flour",vegetarian,10,50,sweet,dessert,West Bengal,East,https://www.crazymasalafood.com/wp-content/images/imarti-1.jpg
Jalebi,"Maida, corn flour, baking soda, vinegar, curd, water, turmeric, saffron, cardamom",vegetarian,10,50,sweet,dessert,Uttar Pradesh,North,https://crazymasalafood.com/wp-content/images/2023/05/jalebi-1.jpg.webp
Jeera Aloo,"Green chilies, lemon juice, chili powder, boiled potatoes",vegetarian,10,30,spicy,main course,Gujarat,West,https://www.vegrecipesofindia.com/wp-content/uploads/2020/12/jeera-aloo-1152x1536.jpg
Kaara kozhambu,"Sesame oil, drumstick, tamarind paste, sambar powder, tomato",vegetarian,-1,-1,spicy,main course,Tamil Nadu,South,https://www.subbuskitchen.com/wp-content/uploads/2019/05/Hotel-Style-Kara-Kuzhambu_web3-1300x867.jpg
Kabiraji,"Fish fillet, besan, lemon, mint, ginger",non vegetarian,-1,-1,spicy,main course,West Bengal,East,https://upload.wikimedia.org/wikipedia/commons/thumb/e/e2/A_fish_kabiraji.jpg/330px-A_fish_kabiraji.jpg
Kachori,"Moong dal, rava, garam masala, dough, fennel seeds",vegetarian,30,60,spicy,snack,Uttar Pradesh,North,https://www.archanaskitchen.com/images/archanaskitchen/1-Author/Madhuri_Aggarwal/Matar_Kachori_Recipe-6.jpg
Kadai paneer,"Cottage cheese, bell peppers, gravy, garam masala, cashew nuts",vegetarian,20,30,spicy,main course,Punjab,North,https://www.vegrecipesofindia.com/wp-content/uploads/2021/12/kadai-paneer-1-500x500.jpg
Kadhi pakoda,"Besan, garam masala powder, gram flour, ginger, curry leaves",vegetarian,10,60,spicy,main course,Haryana,North,https://www.vegrecipesofindia.com/wp-content/uploads/2012/01/punjabi-kadhi-pakora-recipe-easy-500x500.jpg
Kajjikaya,"Rice flour, jaggery, coconut",vegetarian,40,15,sweet,dessert,Andhra Pradesh,South,
Kaju katli,"Cashews, ghee, cardamom, sugar",vegetarian,10,20,sweet,dessert,-1,-1,https://crazymasalafood.com/wp-content/images/2023/05/kaju-katli-1.jpg.webp
Kakinada khaja,"Wheat flour, sugar",vegetarian,10,30,sweet,dessert,Andhra Pradesh,South,https://www.crazymasalafood.com/wp-content/images/kakinada-khaja.jpg
Kalakand,"Milk, cottage cheese, sugar",vegetarian,20,30,sweet,dessert,West Bengal,East,https://www.crazymasalafood.com/wp-content/images/kalakand-1.jpg
Kanji,"Carrot, yellow mustard, red chilli, black salt",vegetarian,10,45,-1,snack,Kerala,South,https://www.archanaskitchen.com/images/archanaskitchen/1-Author/swathynandhini/ULUNTHU_KANJI__URAD_DAL_PORRIDGE.jpg
Kansar,"Wheat flour, cashews, rapeseed oil",vegetarian,10,40,-1,main course,Gujarat,West,https://www.sanjeevkapoor.com/images/No_image2.gif
Karela bharta,"Bitter gourd, fennel, garam masala powder, chili powder, amchur powder",vegetarian,20,50,bitter,main course,Punjab,North,https://www.vegrecipesofindia.com/wp-content/uploads/2010/08/karela-sabji-recipe-500x500.jpg
Keerai kootu,"Moong dal, chana dal, spinach, urad dal, coconut oil",vegetarian,20,30,spicy,main course,Tamil Nadu,South,https://rakskitchen.net/wp-content/uploads/2009/07/Keerai-kootu.jpg
Keerai masiyal,"Urad dal, curry leaves, sugar, mustard seeds, spinach",vegetarian,-1,-1,spicy,main course,Tamil Nadu,South,https://traditionallymodernfood.com/wp-content/uploads/2022/01/keerai-masiyal-keerai-kadaiyal-500x500.jpeg
Keerai poriyal,"Amaranth leaves, split urad dal, mustard seeds, grated coconut, red chili",vegetarian,20,30,spicy,main course,Tamil Nadu,South,https://traditionallymodernfood.com/wp-content/uploads/2018/03/keerai-poriyal-keerai-thengai-curry-spinach-stir-fry-1024x868.jpg
Keerai sadam,"Greens, tomato, mustard seeds, fenugreek seeds",vegetarian,10,20,spicy,main course,Tamil Nadu,South,https://traditionallymodernfood.com/wp-content/uploads/2023/04/keerai-rice-spinach-pulao-palak-rice-46-500x500.jpeg
Keri no ras,"Mango, sugar",vegetarian,10,10,sour,main course,Gujarat,West,https://www.jcookingodyssey.com/wp-content/uploads/2021/12/KERI2BNO2BRAS.jpg.webp
Khakhra,"Whole wheat flour, low fat, bengal gram flour",vegetarian,20,40,spicy,snack,Gujarat,West,https://www.archanaskitchen.com/images/archanaskitchen/0-Archanas-Kitchen-Recipes/2018/Homemade_Methi_Khakhra_Recipe_5_1600.jpg
Khaman,"Yogurt, fresh coconut, sesame seeds, semolina, gram flour",vegetarian,10,20,spicy,snack,Gujarat,West,https://www.archanaskitchen.com/images/archanaskitchen/Indian_Appetizers/Preethi_Kitchen_Appliance_Khaman_Dhokla_From_Chana_dal_Recipe_Gujarati_Video-2.jpg
Khandvi,"Green chili paste, white sesame seeds, gram flour, curry leaves, green chili",vegetarian,20,45,spicy,snack,Gujarat,West,https://www.archanaskitchen.com/images/archanaskitchen/Indian_Appetizers/Khandvi_A_Gujarati_Farsan.jpg
Khar,"Raw papaya, panch phoran masala, nigella seeds, mustard oil, fennel seeds",vegetarian,10,20,-1,main course,Assam,North East,https://www.archanaskitchen.com/images/archanaskitchen/1-Author/KarthikaKrishnan/Amitar_Khar.jpg
Kheer,"Milk, rice, sugar, dried fruits",vegetarian,10,40,sweet,dessert,-1,-1,https://www.crazymasalafood.com/wp-content/images/khira-sagara.jpg
Kheer sagar,"Chenna, condensed milk, sugar, saffron, cardamom",vegetarian,25,60,sweet,dessert,Odisha,East,https://www.crazymasalafood.com/wp-content/images/khira-sagara.jpg
Khichdi,"Moong dal, green peas, ginger, tomato, green chili",vegetarian,40,20,spicy,main course,-1,-1,https://www.vegrecipesofindia.com/wp-content/uploads/2013/06/recipe-chana-dal-khichdi-500x500.jpg
Khichu,"Rice flour, sesame seeds, baking soda, peanut oil",vegetarian,5,10,spicy,snack,Gujarat,West,https://www.archanaskitchen.com/images/archanaskitchen/1-Author/Easyfoodsmith/Khichu_Recipe_Steamed_Rice_flour_Savory_Donuts_.jpg
Khorisa,"Fermented bamboo shoot, potato, ginger, green, mustard oil",vegetarian,-1,-1,spicy,main course,Assam,North East,https://slurrp.club/wp-content/uploads/2021/03/DSC_1242-2-1024x683.jpg
Kofta,"Paneer, potato, cream, corn flour, garam masala",vegetarian,20,40,spicy,main course,Uttar Pradesh,North,https://upload.wikimedia.org/wikipedia/commons/thumb/3/38/Koofteh_tabrizi.jpg/263px-Koofteh_tabrizi.jpg
Koldil Chicken,"Banana flower, chicken, green chili, mustard oil, lemon juice",non vegetarian,-1,-1,spicy,main course,Assam,North East,https://www.slurrp.com/web/_next/image?url=https%3A%2F%2Fimages.slurrp.com%2Fprod%2Frecipe_images%2Fbetter-butter%2Fkoldil-chicken-an-assamese-heirloom-recipe-of-chicken-curry-cooked-with-banana-flower-1611366600_FAL1GRYXDR3B6R32E1IZ.webp%3Fimpolicy%3Dslurrp-20210601%26width%3D1200%26height%3D675&w=3840&q=75
Koldil Duck,"Rice flour, mutton, banana, gram flour, olive oil, baking powder",non vegetarian,-1,-1,spicy,main course,Assam,North East,https://i0.wp.com/www.pepperdelight.com/wp-content/uploads/2019/12/pepper-delight-duck-curry-1-scaled.jpg?resize=1024%2C1536&ssl=1
Kolim Jawla,"Baingan, fish, coconut oil, fresh coconut, ginger",non vegetarian,-1,-1,spicy,main course,Maharashtra,West,https://3.bp.blogspot.com/-JxFx47X4dhY/Uz6T21257PI/AAAAAAAACcc/shPzNWEIc-I/s1600/IMG_4637a.jpg
Kombdi vade,"Rice flour, urad dal, wheat flour, gram flour, turmeric",vegetarian,10,25,spicy,snack,Maharashtra,West,https://www.archanaskitchen.com/images/archanaskitchen/Guest_Writers/Darshana_Shah/Kothimbir_Vadi_Coriander_Fritters.jpg
Konir Dom,"Aloo, tomatoes, mustard oil, bay leaf, cinnamon stick",non vegetarian,-1,-1,spicy,main course,Assam,North East,https://www.archanaskitchen.com/images/archanaskitchen/1-Author/shaheen_ali/Aloo_Konir_Dom__Assamese_Egg__Potato_Curry.jpg
Kootu,"Chana dal, urad dal, potato, beans, peas",vegetarian,10,15,spicy,main course,Tamil Nadu,South,https://traditionallymodernfood.com/wp-content/uploads/2022/05/kathirikai-kootu-brinjal-kootu-64-500x500.jpeg
Kos kootu,"Moong dal, chana dal, cabbage, tamarind, curry leaves",vegetarian,10,20,spicy,main course,Tamil Nadu,South,https://traditionallymodernfood.com/wp-content/uploads/2023/04/kosumalli-recipe-kosambari-22-500x500.jpeg
Koshambri,"Moong dal, cucumber, curry leaves, green chili, lemon juice",vegetarian,10,20,spicy,main course,Karnataka,South,https://traditionallymodernfood.com/wp-content/uploads/2023/04/kosumalli-recipe-kosambari-22-500x500.jpeg
Koshimbir,"Cucumber, carrot, tomatoes, cilantro",vegetarian,10,10,spicy,main course,Maharashtra,West,https://cookilicious.com/wp-content/uploads/2017/10/koshimbir-10.jpg
Kothamali sadam,"Chana dal, urad dal, gooseberry, raw rice, curry leaves",vegetarian,10,20,spicy,main course,Tamil Nadu,South,https://i0.wp.com/www.jeyashriskitchen.com/wp-content/uploads/2009/11/IMG_0267.jpg?resize=1024%2C683&ssl=1
Kulfi falooda,"Rose syrup, falooda sev, mixed nuts, saffron, sugar",vegetarian,45,25,sweet,dessert,-1,-1,https://crazymasalafood.com/wp-content/images/2023/05/polar-bear.jpg.webp
Kumol Sawul,"Rice, eggs, carrot, beetroot",non vegetarian,-1,-1,spicy,main course,Assam,North East,https://1.bp.blogspot.com/-AaQAOiDbMkw/WuXO-ygqM9I/AAAAAAAANPc/eOR4LzoSJLU-u59kH5OkUNzBa3NQXnMkQCLcBGAs/s320/IMG20180428181544.jpg
Kutchi dabeli,"Pav, aloo, peanut, pomegranate, star anise",vegetarian,30,10,spicy,snack,Gujarat,West,https://www.archanaskitchen.com/images/archanaskitchen/0-Archanas-Kitchen-Recipes/2020/gujarati_dabeli_recipe_1600.jpg
Kuzhakkattai,"Sesame oil, raw rice, jaggery, grated coconut",vegetarian,10,90,spicy,main course,Tamil Nadu,South,https://www.vegrecipesofindia.com/wp-content/uploads/2018/09/kozhukattai-recipe.jpg
Kuzhambu,"Pearl onions, urad dal, drumsticks, tomato, curry leaves",vegetarian,5,30,spicy,main course,Tamil Nadu,South,https://www.vegrecipesofindia.com/wp-content/uploads/2015/02/mix-veg-kuzhambu-recipe.jpg
Kuzhi paniyaram,"Black lentils, rice",vegetarian,10,20,sweet,dessert,Kerala,South,https://crazymasalafood.com/wp-content/images/kuzhi-paniyaram.jpg.webp
Laapsi,"Cinnamon, jaggery, clarified butter, dry roasted",vegetarian,10,40,spicy,main course,Madhya Pradesh,Central,https://upload.wikimedia.org/wikipedia/commons/thumb/c/c3/Moong_dal_ka_halwa.jpg/330px-Moong_dal_ka_halwa.jpg
Laddu,"Gram flour, ghee, sugar",vegetarian,10,40,sweet,dessert,-1,-1,https://crazymasalafood.com/wp-content/images/2022/09/1.Sesame-Laddoo.jpg.webp
Lassi,"Yogurt, milk, nuts, sugar",vegetarian,5,5,sweet,dessert,Punjab,North,https://www.crazymasalafood.com/wp-content/images/lassi-3.jpg
Lauki ke kofte,"Bottle gourd, garam masala powder, gram flour, ginger, chillies",vegetarian,20,40,spicy,main course,Uttar Pradesh,North,https://www.vegrecipesofindia.com/wp-content/uploads/2013/04/lauki-kofta-curry-recipe-500x500.jpg
Lauki ki subji,"Bottle gourd, coconut oil, garam masala, ginger, green chillies",vegetarian,10,20,spicy,main course,-1,-1,https://www.vegrecipesofindia.com/wp-content/uploads/2013/12/lauki-chana-dal-recipe1-500x500.jpg
Ledikeni,"Chhena, sugar, ghee",vegetarian,45,45,sweet,dessert,West Bengal,East,https://www.crazymasalafood.com/wp-content/images/ledikeni.jpg
Lilva Kachori,"Green garlic chutney, fresh green peas, ginger, lemon juice, plain flour",vegetarian,30,6,spicy,snack,Gujarat,West,https://www.vegrecipesofindia.com/wp-content/uploads/2018/01/gujarati-lilva-kachori-recipe.jpg
Litti chokha,"Wheat flour, roasted gram flour, tomato, nigella seeds, chilli",vegetarian,45,60,spicy,main course,Bihar,North,https://www.vegrecipesofindia.com/wp-content/uploads/2016/09/litti-chokha.jpg
Luchi,"Maida, vegetable oil",vegetarian,20,30,-1,main course,West Bengal,East,https://www.vegrecipesofindia.com/wp-content/uploads/2013/10/bengali-luchi-poori.jpg
Lyangcha,"Flour, fried milk power, sugar syrup",vegetarian,20,30,sweet,dessert,Assam,North East,https://www.crazymasalafood.com/wp-content/images/lyangcha.jpg
Maach Jhol,"Fish, potol, tomato, chillies, ginger, garlic",non vegetarian,10,40,spicy,main course,Assam,North East,https://media-cdn2.greatbritishchefs.com/media/ag0bujrm/img80522.whqc_640x462q80.webp
Mag Dhokli,"Moong beans, jaggery, red chillies, oil, salt",vegetarian,-1,-1,spicy,snack,Gujarat,West,https://www.sanjeevkapoor.com/UploadFiles/RecipeImages/Mag-ni-Dhokli.jpg
Mahim halwa,"Semolina, sugar",vegetarian,10,25,sweet,dessert,Maharashtra,West,https://crazymasalafood.com/wp-content/images/the-20-best-halwa-recipesfrom-all-over-india/mahim-halwa.jpg.webp
Makki di roti sarson da saag,"Palak, makki atta, mustard green, garam masala, ginger",vegetarian,25,30,spicy,main course,Punjab,North,https://www.secondrecipe.com/wp-content/uploads/2019/11/makke-ki-roti.jpg
Malapua,"Yoghurt, refined flour, ghee, fennel seeds",vegetarian,10,120,sweet,dessert,Bihar,North,https://www.crazymasalafood.com/wp-content/images/malpua-2.jpg
Masala Dosa,"Chana dal, urad dal, potatoes, idli rice, thick poha",vegetarian,360,90,spicy,snack,-1,South,https://www.archanaskitchen.com/images/archanaskitchen/0-Archanas-Kitchen-Recipes/2019/Id_Fresh_Masala_Dosa_Recipe_With_Sambar_and_Chutney_2_1600.jpg
Masor Koni,"Fish roe, pumpkin flowers, mustard oil, turmeric, tomato",non vegetarian,-1,-1,spicy,main course,Assam,North East,https://s3-ap-south-1.amazonaws.com/betterbutterbucket-silver/sneha-saikia1462502650572c04f9c8bbf.jpeg
Masor tenga,"Ridge gourd, fish, lemon, tomatoes, mustard oil",non vegetarian,15,25,spicy,main course,Assam,North East,https://s01.sgp1.cdn.digitaloceanspaces.com/article/141426-bzaxohurwz-1589560606.jpg
Mawa Bati,"Milk powder, dry fruits, arrowroot powder, all purpose flour",vegetarian,20,45,sweet,dessert,Madhya Pradesh,Central,https://img-global.cpcdn.com/recipes/81e3b5055b96db06/1360x964cq70/mawa-bati-recipe-main-photo.webp
Methi na Gota,"Rava, gram flour, lemon juice, turmeric, fenugreek leaves",vegetarian,15,30,bitter,main course,Gujarat,West,https://www.vegrecipesofindia.com/wp-content/uploads/2013/07/methi-na-gota-or-methi-pakora-recipe.jpg
Mihidana,"Besan flour, sugar, ghee",vegetarian,15,30,sweet,dessert,West Bengal,East,https://www.crazymasalafood.com/wp-content/images/boondi.jpg
Mishti Chholar Dal,"Chana dal, fresh coconut, ginger, cinnamon, raisins",vegetarian,10,30,sweet,main course,West Bengal,East,https://www.vegrecipesofindia.com/wp-content/uploads/2013/10/cholar-dal-recipe28.jpg
Misi roti,"Whole wheat flour, chickpea flour, green chilies",vegetarian,30,30,spicy,main course,Punjab,North,https://www.vegrecipesofindia.com/wp-content/uploads/2016/01/missi-roti-recipe.jpg
Misti doi,"Milk, jaggery",vegetarian,480,30,sweet,dessert,West Bengal,East,https://www.crazymasalafood.com/wp-content/images/misti-dahi.jpg
Modak,"Rice flour, coconut, jaggery ",vegetarian,10,15,sweet,dessert,Maharashtra,West,https://www.crazymasalafood.com/wp-content/images/modaks.jpg
Mohanthal,"Rose water, pistachio, badam, bengal gram flour, saffron",vegetarian,5,45,sweet,dessert,Gujarat,West,https://crazymasalafood.com/wp-content/images/2023/05/mohanthal.jpg.webp
Mushroom do pyaza,"Mushroom, malai, garam masala, ginger, capsicum",vegetarian,10,30,spicy,main course,Punjab,North,https://www.vegrecipesofindia.com/wp-content/uploads/2015/07/mushroom-curry-recipe-500x500.jpg
Mushroom matar,"Canned coconut milk, frozen green peas, wild mushrooms, garam masala, tomatoes",vegetarian,10,30,spicy,main course,Punjab,North,https://www.vegrecipesofindia.com/wp-content/uploads/2014/06/mushroom-matar-recipe.jpg
Muthiya,"Bottle gourd, whole wheat flour, rava, sesame seeds, bengal gram flour",vegetarian,15,30,bitter,snack,Gujarat,West,https://www.archanaskitchen.com/images/archanaskitchen/1-Author/Madhuli_Ajay/Methi_Muthiya_Wheat_flour_and_Fenugreek_dumplings.jpg
Mysore pak,"Besan flour, semolina, mung bean, jaggery, coconut, skimmed milk powder, sugar, ghee",vegetarian,5,20,sweet,dessert,Karnataka,South,https://crazymasalafood.com/wp-content/images/2023/05/mysore-pak-2.jpg.webp
Naan,"Whole wheat flour, honey, butter, garlic",vegetarian,60,30,-1,main course,Punjab,North,https://www.vegrecipesofindia.com/wp-content/uploads/2013/07/naan-1-500x500.jpg
Namakpara,"Wheat flour, baking soda, all purpose flour, black pepper, sunflower oil",vegetarian,10,35,spicy,snack,Gujarat,West,https://www.archanaskitchen.com/images/archanaskitchen/0-Archanas-Kitchen-Recipes/2019/Baked_Namak_Para_Recipe_SSP_22_1600.jpg
Nankhatai,"Refined flour, besan, ghee, powdered sugar, yoghurt, green cardamom",vegetarian,20,30,sweet,dessert,-1,-1,https://www.crazymasalafood.com/wp-content/images/nankhatai.jpg
Navrattan korma,"Green beans, potatoes, khus khus, low fat, garam masala powder",vegetarian,25,40,spicy,main course,Uttar Pradesh,North,https://www.vegrecipesofindia.com/wp-content/uploads/2012/03/navratan-korma-recipe1.jpg
Obbattu holige,"Maida flour, turmeric, coconut, chickpeas, jaggery, ghee, cardamom",vegetarian,180,60,sweet,main course,Karnataka,South,https://www.vegrecipesofindia.com/wp-content/uploads/2017/04/puran-poli-bobbatlu-holige.jpg
Pachadi,"Coconut oil, cucumber, curd, curry leaves, mustard seeds",vegetarian,10,25,-1,main course,-1,South,https://www.vegrecipesofindia.com/wp-content/uploads/2017/03/ugadi-pachadi-recipe.jpg
Pakhala,"Curd, cooked rice, curry leaves, dry chilli",vegetarian,-1,-1,-1,main course,Odisha,East,https://upload.wikimedia.org/wikipedia/commons/thumb/a/a4/Pakhala_01.jpg/375px-Pakhala_01.jpg
Palak paneer,"Cottage cheese, palak, cream, garam masala, butter",vegetarian,20,40,spicy,main course,Punjab,North,https://www.vegrecipesofindia.com/wp-content/uploads/2021/06/palak-paneer-1-500x500.jpg
Palathalikalu,"Rice flour, milk",vegetarian,10,25,sweet,dessert,Andhra Pradesh,South,https://sowjiskitchen.com/wp-content/uploads/2020/09/Palathalikalu-pin.jpg.webp
Paneer butter masala,"Paneer, whipping cream, garam masala, cashew nuts, butter",vegetarian,20,40,spicy,main course,Punjab,North,https://www.vegrecipesofindia.com/wp-content/uploads/2020/01/paneer-butter-masala-1-500x500.jpg
Paneer tikka masala,"Paneer, greek yogurt, tandoori masala, cream, bell pepper",vegetarian,20,40,spicy,main course,Punjab,North,https://www.vegrecipesofindia.com/wp-content/uploads/2011/10/grilled-paneer-tikka-500x500.jpg
Pani Pitha,"Tea leaves, white sesame seeds, dry coconut, soaked rice",vegetarian,10,20,-1,main course,Assam,North East,https://thumbs.dreamstime.com/b/assamese-cuisine-called-pani-pitha-kind-pan-cake-prepared-rice-flour-bihu-festival-assam-india-181480519.jpg
Pani puri,"Kala chana, mashed potato, boondi, sev, lemon",vegetarian,15,2,spicy,snack,-1,-1,https://www.archanaskitchen.com/images/archanaskitchen/1-Author/sneha-archanaskitchen.com/Aam_Panna_Pani_Puri_Recipe_.jpg
Paniyaram,"Yogurt, ginger, curry leaves, baking soda, green chilli",vegetarian,10,20,-1,main course,Tamil Nadu,South,https://www.vegrecipesofindia.com/wp-content/uploads/2022/05/paniyaram-recipe-kuzhi-paniyaram-1147x1536.jpg
Panjeeri,"Whole wheat flour, musk melon seeds, poppy seeds, edible gum, semolina",vegetarian,10,25,sweet,dessert,Uttar Pradesh,,https://i0.wp.com/fatimacooks.net/wp-content/uploads/2021/02/1FB120F2-CF48-4E61-8013-3E026A3ACEEC-scaled.jpeg?resize=768%2C1024&ssl=1
Pantua,"Chhena, sugar, ghee, flour",vegetarian,45,45,sweet,dessert,West Bengal,East,https://www.crazymasalafood.com/wp-content/images/pantua.jpg
Papad,"Urad dal, sev, lemon juice, chopped tomatoes",vegetarian,5,5,spicy,snack,-1,-1,https://www.archanaskitchen.com/images/archanaskitchen/BasicRecipes_HOW_TO/How_to_roast_papad.jpg
Papadum,"Lentils, black pepper, vegetable oil",vegetarian,5,5,spicy,snack,Kerala,South,https://upload.wikimedia.org/wikipedia/commons/thumb/0/09/Roasted_Papad_-_Howrah_2013-11-02_4068.jpg/330px-Roasted_Papad_-_Howrah_2013-11-02_4068.jpg
Paratha,"Wheat flour, butter, potato, coriander",vegetarian,15,45,spicy,main course,Punjab,North,https://www.vegrecipesofindia.com/wp-content/uploads/2021/06/gobi-paratha-recipe-1-500x500.jpg
Paravannam,"Raw rice,  jaggery, milk",vegetarian,-1,-1,spicy,main course,Kerala,South,https://www.cookshideout.com/wp-content/uploads/2022/10/Paramannam_3S-1020x1536.jpg
Paruppu sadam,"Arhar dal, sambar powder, tomato, curry leaves, fennel seeds",vegetarian,10,20,-1,main course,Tamil Nadu,South,https://rakskitchen.net/wp-content/uploads/2023/02/arisi-paruppu-sadam-768x960.jpg
Patra,"Arbi ke patte, sesame seeds, gur, bengal gram flour, imli",vegetarian,10,40,spicy,snack,Gujarat,West,https://www.archanaskitchen.com/images/archanaskitchen/0-Archanas-Kitchen-Recipes/2019/Gujarati_Patra_Recipe_Aloo_Vadi_14_1600.jpg
Pattor,"Arbi ke patte, sesame seeds, gur, bengal gram flour, imli",vegetarian,10,30,spicy,main course,Rajasthan,West,https://www.archanaskitchen.com/images/archanaskitchen/1-Author/Smitha-Kalluraya/PATHRAVADE.jpg
Pav Bhaji,"Pav bhaji masala, gobi, potatoes, green peas, dinner rolls",vegetarian,20,40,spicy,main course,Maharashtra,West,https://hebbarskitchen.com/wp-content/uploads/mainPhotos/pav-bhaji-recipe-easy-mumbai-style-pav-bhaji-recipe-1-1068x1423.jpeg
Payasam,"Rice, cashew nuts, milk, raisins, sugar",vegetarian,15,30,sweet,dessert,-1,South,https://www.crazymasalafood.com/wp-content/images/gothampu-payasam.jpg
Payokh,"Basmati rice, rose water, sugar, clarified butter, cardamom pods",vegetarian,-1,-1,sweet,dessert,Assam,North East,https://img-global.cpcdn.com/recipes/6de78365c3f9411b/1360x964cq70/assamese-payokhrice-kheer-recipe-main-photo.webp
Pesarattu,"Green moong beans, rice flour",vegetarian,120,20,spicy,snack,Andhra Pradesh,South,https://www.archanaskitchen.com/images/archanaskitchen/1-Author/panditp253-gmail.com/ANDHRA_Style_PESARATTU_PIZZA_recipe_edited.jpg
Petha,"Firm white pumpkin, sugar, kitchen lime, alum powder",vegetarian,10,30,sweet,dessert,Uttar Pradesh,North,https://crazymasalafood.com/wp-content/images/petha-1.jpg.webp
Phirni,"Rice, sugar, nuts",vegetarian,30,20,sweet,dessert,Odisha,East,https://img-global.cpcdn.com/recipes/08ddff1abd0cd0cb/1360x964cq70/millet-phirni-with-mango-recipe-main-photo.webp
Pinaca,"Brown rice, fennel seeds, grated coconut, black pepper, ginger powder",vegetarian,-1,-1,sweet,dessert,Goa,West,https://ellaroyrecipes.com/wp-content/uploads/2020/07/PINAGR-FACEBOOK-940x682.jpg
Pindi chana,"Fennel, tea bags, tomato, kasuri methi, cinnamon",vegetarian,500,120,spicy,main course,Punjab,North,https://www.vegrecipesofindia.com/wp-content/uploads/2021/07/pindi-chole-1-1024x1536.jpg
Pithe,"Rice flour, wheat flour",vegetarian,15,35,sweet,dessert,Assam,North East,https://www.crazymasalafood.com/wp-content/images/pithe.jpg
Poha,"Beaten rice flakes, potato, curry leaves, green chilies, lemon juice",vegetarian,20,30,spicy,snack,Maharashtra,West,https://www.archanaskitchen.com/images/archanaskitchen/1-Author/Waagmi_Soni/Indori_Poha.jpg
Pongal,"Rice, jaggery, cashews, ghee",vegetarian,5,20,sweet,dessert,Tamil Nadu,South,https://www.crazymasalafood.com/wp-content/images/Sweet-Pongal-1.jpg
Poornalu,"Chana dal, jaggery",vegetarian,240,60,sweet,dessert,Andhra Pradesh,South,https://www.crazymasalafood.com/wp-content/images/poornalu.jpg
Pootharekulu,"Rice flour, powdered sugar, ghee",vegetarian,10,60,sweet,dessert,Andhra Pradesh,South,https://crazymasalafood.com/wp-content/images/palathalikalu-1.jpg.webp
Poriyal,"Chana dal, urad dal, beans, coconut, mustard",vegetarian,-1,-1,spicy,main course,Tamil Nadu,South,https://rakskitchen.net/wp-content/uploads/2008/11/DSC_0542[1].jpg
Pork Bharta,"Boiled pork, onions, chillies, ginger and garlic",non vegetarian,-1,-1,spicy,main course,Tripura,North East,https://1.bp.blogspot.com/-bDu9MvHWtnM/Useg2flcoSI/AAAAAAAAPkg/tc0sS888IQo/s640/IMG_7736.JPG
Prawn malai curry,"Coconut milk, prawns, garlic, turmeric, sugar",non vegetarian,15,50,spicy,main course,West Bengal,East,https://www.licious.in/blog/wp-content/uploads/2021/06/Shutterstock_1585483462-1024x684.jpg
Puli sadam,"Urad dal, lemon, tamarind, cooked rice, curry leaves",vegetarian,10,20,-1,main course,Tamil Nadu,South,https://rakskitchen.net/wp-content/uploads/2009/07/puli-sadam-with-garlic-recipe-768x960.jpg
Puri Bhaji,"Aloo, urad dal, mustard, ginger, curry leaves",vegetarian,10,30,spicy,main course,Maharashtra,West,https://www.vegrecipesofindia.com/wp-content/uploads/2013/03/poori-bhaji.jpg
Puttu,"Brown rice flour, sugar, grated coconut",vegetarian,495,40,-1,main course,Kerala,South,https://rakskitchen.net/wp-content/uploads/2022/03/soft-ragi-puttu-768x960.jpg
Qubani ka meetha,"Apricots, sugar syrup",vegetarian,10,20,sweet,dessert,Telangana,South,https://www.crazymasalafood.com/wp-content/images/qubani-ka-meetha.png
Rabri,"Condensed milk, sugar, spices, nuts",vegetarian,10,45,sweet,dessert,Uttar Pradesh,North,https://www.crazymasalafood.com/wp-content/images/rabdi.jpg
Rajma chaval,"Red kidney beans, garam masala powder, ginger, tomato, mustard oil",vegetarian,15,90,spicy,main course,-1,North,https://www.vegrecipesofindia.com/wp-content/uploads/2021/05/rajma-recipe-1-500x500.jpg
Ras malai,"Chhena, reduced milk, pistachio",vegetarian,180,60,sweet,dessert,West Bengal,East,https://www.crazymasalafood.com/wp-content/images/rasmalai.jpg
Rasabali,"Chenna, sweetened milk",vegetarian,15,30,sweet,dessert,Odisha,East,https://crazymasalafood.com/wp-content/images/rasabali.jpg.webp
Rasam,"Tomato, curry leaves, garlic, mustard seeds, hot water",vegetarian,10,35,spicy,main course,-1,South,https://rakskitchen.net/wp-content/uploads/2012/09/mysore-rasam-768x960.jpg
Rasgulla,"Chhena, sugar, cardamom",vegetarian,10,90,sweet,dessert,West Bengal,East,https://www.crazymasalafood.com/wp-content/images/rasgulla.jpg
Red Rice,"Red pepper, red onion, butter, watercress, olive oil",vegetarian,-1,-1,-1,main course,-1,-1,https://upload.wikimedia.org/wikipedia/commons/thumb/4/46/Rice%2C_red-rice%2C_AIVANAM-like.JPG/330px-Rice%2C_red-rice%2C_AIVANAM-like.JPG
Rongi,"Garam masala powder, tomato, kasuri methi, cinnamon, mustard oil",vegetarian,10,30,-1,main course,Punjab,North,https://www.vegrecipesofindia.com/wp-content/uploads/2010/05/punjabi-lobia-masala-recipe.jpg
Saath,"Urad dal, potatoes, wheat flour, sooji",vegetarian,20,40,spicy,main course,Gujarat,West,https://www.plattershare.com/storage/2021/09/5b59ddb325a34-1.jpg
Sabudana Khichadi,"Raw peanuts, sabudana, lemon, avocado oil, curry leaves, green chili",vegetarian,70,30,spicy,snack,Maharashtra,West,https://www.archanaskitchen.com/images/archanaskitchen/1-Author/sibyl_sunitha/Mahrashtrian_Style_Kholapuri_Khichadi_Recipe_.jpg
Sambar,"Pigeon peas, eggplant, drumsticks, sambar powder, tamarind",vegetarian,20,45,spicy,main course,-1,South,https://rakskitchen.net/wp-content/uploads/2017/03/32908705414_e05ed774de_z.jpg
Samosa,"Potatoes, green peas, garam masala, ginger, dough",vegetarian,30,30,spicy,snack,-1,-1,https://www.archanaskitchen.com/images/archanaskitchen/Indian_Tea_Time_Snacks/Samosas_Recipe_A_Spiced_Potato_Tea_Time_Snack-1.jpg
Sandesh,"Milk, sugar, saffron, cardamom",vegetarian,30,20,sweet,dessert,West Bengal,East,https://www.crazymasalafood.com/wp-content/images/sandesh-1.jpg
Sandige,"Thin rice flakes, black sesame seeds, curry leaves",vegetarian,120,60,-1,main course,Karnataka,South,https://www.archanaskitchen.com/images/archanaskitchen/1-Author/Smitha-Kalluraya/Aralu_sandige__Puffed_paddy_Fryums_1600.jpg
Sattu ki roti,"Sattu, atta, dough, filling, mustard oil",vegetarian,10,20,spicy,main course,Bihar,North,https://www.24mantra.com/wp-content/uploads/2020/07/besan_roti.jpg
Sev khamani,"Khaman, pomegranate, sev, powdered sugar, garlic",vegetarian,20,30,spicy,main course,Gujarat,West,"https://cdn.tarladalal.com/members/9306/big/big_amiri_khaman,_gujarati_sev_khamani_recipe-14015.jpg?size=696X905"
Sev tameta,"Sev, ginger, tomato, sugar",vegetarian,20,30,spicy,main course,Gujarat,West,https://www.vegrecipesofindia.com/wp-content/uploads/2014/12/sev-tameta-nu-shaak-recipe.jpg
Sevai,"Sevai, parboiled rice, steamer",vegetarian,120,30,-1,main course,-1,South,https://rakskitchen.net/wp-content/uploads/2013/11/10942710884_74fc10ab6c_z.jpg
Shahi paneer,"Cottage cheese, malai, garam masala, ginger, tomato",vegetarian,20,40,spicy,main course,Punjab,North,https://www.vegrecipesofindia.com/wp-content/uploads/2013/06/shahi-paneer-1-1-1152x1536.jpg
Shahi tukra,"Rose water, milk, white bread slices, saffron, almonds",vegetarian,10,30,sweet,dessert,Telangana,South,https://www.crazymasalafood.com/wp-content/images/shahi-tukda.jpg
Shankarpali,"Sugar, ghee, maida flour, semolina",vegetarian,10,35,sweet,dessert,Maharashtra,West,https://www.crazymasalafood.com/wp-content/images/shankerpali.jpg
Sheer korma,"Vermicelli pudding, milk",vegetarian,10,20,sweet,dessert,Telangana,South,https://www.crazymasalafood.com/wp-content/images/20-most-loved-mughlai-dishes-in-india/sheer-khurma.jpg
Sheera,"Semolina, ghee, nuts, milk",vegetarian,10,25,sweet,dessert,Maharashtra,West,https://www.crazymasalafood.com/wp-content/images/sheera.jpg
Shrikhand,"Curd, sugar, saffron, cardamom",vegetarian,10,720,sweet,dessert,Maharashtra,West,https://www.crazymasalafood.com/wp-content/images/shrikhand-1.jpg
Shufta,"Cottage cheese, dry dates, dried rose petals, pistachio, badam",vegetarian,-1,-1,sweet,dessert,Jammu & Kashmir,North,https://crazymasalafood.com/wp-content/images/top-21-must-have-dishes-of-jammu-and-kashmir/shufta.jpg.webp
Shukto,"Green beans, bitter gourd, ridge gourd, banana, brinjal",vegetarian,10,20,spicy,main course,West Bengal,East,https://kitchenofdebjani.com/wp-content/uploads/2022/08/Bengali-Shukto-Recipe-Debjanir-Rannaghar-1024x1024.jpg
Singori,"Khoa, coconut, molu leaf",vegetarian,10,20,sweet,dessert,Uttarakhand,North,https://www.crazymasalafood.com/wp-content/images/singori.jpg
Sohan halwa,"Corn flour, ghee, dry fruits",vegetarian,10,60,sweet,dessert,Uttar Pradesh,North,https://upload.wikimedia.org/wikipedia/commons/thumb/9/9d/Sohan_Halwa.JPG/300px-Sohan_Halwa.JPG
Sohan papdi,"Gram flour, ghee, sugar, milk, cardamom",vegetarian,-1,60,sweet,dessert,Maharashtra,West,https://www.crazymasalafood.com/wp-content/images/sohanpapdi.jpg
Sukhdi,"Whole wheat flour, gur, clarified butter",vegetarian,10,20,sweet,dessert,Maharashtra,West,https://www.crazymasalafood.com/wp-content/images/sukhdi-1.jpg
Surnoli,"Rice flakes, yogurt, raw rice, jaggery, grated coconut",vegetarian,60,10,spicy,snack,Maharashtra,West,https://i0.wp.com/konkanikhanna.com/wp-content/uploads/2020/01/maxresdefault-1.jpg?fit=768%2C432&ssl=1
Sutar feni,"Maida, sugar, ghee",vegetarian,15,55,sweet,dessert,Maharashtra,West,https://www.crazymasalafood.com/wp-content/images/sutar-feni.jpg
Tandoori Chicken,"Greek yogurt, garam masala, kasuri methi, marinade, mustard oil",non vegetarian,240,30,spicy,main course,Punjab,North,https://i.ndtvimg.com/i/2015-01/625-tandoori-chicken_625x350_81420696757.jpg
Tandoori Fish Tikka,"Chickpea flour, biryani masala powder, yogurt, fish fillets, green bell pepper",non vegetarian,240,30,spicy,starter,Punjab,North,https://www.simplyrecipes.com/thmb/EBTnwYg3IFy1RcnrMDZsAhGZZ9M=/750x0/filters:no_upscale():max_bytes(150000):strip_icc():format(webp)/Simply-Recipes-Tandoori-Chicken-LEAD-01-7767f2892b824b24b65213f3ba28ff8c.jpg
Thalipeeth,"Whole wheat flour, rice flour, pearl millet flour, sorghum flour, sesame seeds",vegetarian,25,30,spicy,main course,Maharashtra,West,https://www.vegrecipesofindia.com/wp-content/uploads/2017/11/thalipeeth-recipe.jpg
Thayir sadam,"Urad dal, curd, sesame oil, ginger, curry leaves, mustard seeds",vegetarian,10,20,-1,main course,Tamil Nadu,South,https://rakskitchen.net/wp-content/uploads/2012/06/7347478426_6a15046cb8_z.jpg
Theeyal,"Coconut, whole red beans, masala, sesame oil, tamarind",vegetarian,15,20,-1,main course,Kerala,South,https://www.vegrecipesofindia.com/wp-content/uploads/2017/10/ulli-theeyal-recipe-1.jpg
Thepla,"Chickpea flour, methi leaves, jowar flour, wheat flour",vegetarian,15,30,spicy,snack,Gujarat,West,https://www.archanaskitchen.com/images/archanaskitchen/0-Archanas-Kitchen-Recipes/2018/April-18/Jowar_Atta_Pyaz_Thepla_Jowar_Onion_Paratha-3.jpg
Til Pitha,"Glutinous rice, black sesame seeds, gur",vegetarian,5,30,sweet,dessert,Assam,North East,https://www.crazymasalafood.com/wp-content/images/til-pitha.jpg
Turiya Patra Vatana sabji,"Ridge gourd, baking soda, sugar, grated coconut, peas",vegetarian,35,40,spicy,main course,Gujarat,West,https://www.cookingcarnival.com/wp-content/uploads/2015/02/Turiya-patra-nu-shaak-1024x1536.webp
Undhiyu,"Sweet potato, surti papdi, baby potatoes, valor papdi, green peas",vegetarian,25,60,spicy,main course,Gujarat,West,https://www.vegrecipesofindia.com/wp-content/uploads/2015/04/undhiyu-recipe.jpg
Unni Appam,"Rice flour, banana, jaggery, coconut",vegetarian,10,20,sweet,dessert,Tamil Nadu,South,https://www.crazymasalafood.com/wp-content/images/unni-appam.jpg
Upma,"Chana dal, urad dal, ginger, curry leaves, sugar",vegetarian,10,20,spicy,snack,-1,-1,https://www.archanaskitchen.com/images/archanaskitchen/1-Author/akila_subramanian/PuliMa__Tamarind_and_RiceRava_Upma.jpg
Uttapam,"Chana dal, urad dal, thick poha, tomato, butter",vegetarian,10,20,spicy,snack,-1,South,https://www.archanaskitchen.com/images/archanaskitchen/1-Author/Nithya_Anantham/Tomato_Uthappam_Recipe.jpg
Vada,"Urad dal, ginger, curry leaves, green chilies, black pepper",vegetarian,15,20,spicy,snack,-1,South,https://www.archanaskitchen.com/images/archanaskitchen/1-Author/sibyl_sunitha/Andhra_Style_Bobbarlu_Vada_Alsande_Vada_Recipe_Spicy_Lobia_Vada_Recipe.jpg
Veg Kolhapuri,"Gobi, potato, beans, khus khus, coconut",vegetarian,20,30,spicy,main course,Maharashtra,West,https://www.vegrecipesofindia.com/wp-content/uploads/2014/11/vegetable-kolhapuri.jpg
Vegetable jalfrezi,"Baby corn, french beans, garam masala, ginger, carrot",vegetarian,10,30,spicy,main course,Punjab,North,https://www.vegrecipesofindia.com/wp-content/uploads/2014/05/paneer-veg-jalfrezi-recipe.jpg
Vindaloo,"Chicken, coconut oil, wine vinegar, ginger, green, cinnamon",non vegetarian,10,40,spicy,main course,Goa,West,https://upload.wikimedia.org/wikipedia/commons/thumb/2/28/Vindalho.jpg/375px-Vindalho.jpg
Zunka,"Gram flour, mustard, garlic, turmeric, red chilli",vegetarian,10,25,spicy,main course,Maharashtra,West,https://www.whiskaffair.com/wp-content/uploads/2020/03/Zunka-2-1-1024x1536.jpg
